,Unnamed: 0,date,maximum temperature,minimum temperature,average temperature,precipitation,snow fall,snow depth
0,0,2016-01-01,5.5555555555555545,1.1111111111111112,3.333333333333333,0.0,0.0,0.0
1,1,2016-01-02,4.4444444444444455,0.0,2.2222222222222223,0.0,0.0,0.0
2,2,2016-01-03,7.222222222222222,1.6666666666666667,4.4444444444444455,0.0,0.0,0.0
3,3,2016-01-04,2.2222222222222223,-10.0,-3.888888888888889,0.0,0.0,0.0
4,4,2016-01-05,-1.6666666666666667,-11.666666666666668,-6.666666666666668,0.0,0.0,0.0
5,5,2016-01-06,5.0,-3.888888888888889,0.5555555555555556,0.0,0.0,0.0
6,6,2016-01-07,7.777777777777778,-0.5555555555555556,3.611111111111111,0.0,0.0,0.0
7,7,2016-01-08,7.777777777777778,-0.5555555555555556,3.611111111111111,0.0,0.0,0.0
8,8,2016-01-09,8.333333333333334,4.4444444444444455,6.388888888888888,1.0,0.0,0.0
9,9,2016-01-10,15.0,4.4444444444444455,9.722222222222225,1.8,0.0,0.0
10,10,2016-01-11,4.4444444444444455,-3.333333333333333,0.5555555555555556,0.0,0.0,0.0
11,11,2016-01-12,6.666666666666668,-3.888888888888889,1.3888888888888888,0.0,1.0,0.0
12,12,2016-01-13,-1.1111111111111112,-5.5555555555555545,-3.333333333333333,0.0,0.0,0.0
13,13,2016-01-14,3.333333333333333,-5.5555555555555545,-1.1111111111111112,0.0,1.0,0.0
14,14,2016-01-15,10.555555555555557,1.1111111111111112,5.833333333333334,1.0,0.0,0.0
15,15,2016-01-16,11.111111111111109,5.5555555555555545,8.333333333333334,0.24,0.0,0.0
16,16,2016-01-17,5.5555555555555545,-1.1111111111111112,2.2222222222222223,0.05,0.4,0.0
17,17,2016-01-18,-0.5555555555555556,-7.777777777777778,-4.166666666666667,1.0,1.0,1.0
18,18,2016-01-19,-2.2222222222222223,-8.888888888888891,-5.5555555555555545,0.0,0.0,1.0
19,19,2016-01-20,2.7777777777777777,-2.7777777777777777,0.0,0.0,0.0,1.0
20,20,2016-01-21,2.2222222222222223,-3.333333333333333,-0.5555555555555556,0.0,0.0,0.0
21,21,2016-01-22,-1.1111111111111112,-6.1111111111111125,-3.611111111111111,0.01,0.2,0.0
22,22,2016-01-23,-2.7777777777777777,-4.4444444444444455,-3.611111111111111,2.31,27.3,6.0
23,23,2016-01-24,1.6666666666666667,-6.666666666666668,-2.5,1.0,1.0,22.0
24,24,2016-01-25,3.888888888888889,-2.2222222222222223,0.8333333333333334,0.0,0.0,19.0
25,25,2016-01-26,8.888888888888891,3.333333333333333,6.1111111111111125,0.0,0.0,17.0
26,26,2016-01-27,8.333333333333334,1.1111111111111112,4.722222222222221,1.0,0.0,9.0
27,27,2016-01-28,5.5555555555555545,0.0,2.7777777777777777,0.0,0.0,6.0
28,28,2016-01-29,5.0,-1.1111111111111112,1.9444444444444449,0.0,0.0,6.0
29,29,2016-01-30,3.888888888888889,-2.2222222222222223,0.8333333333333334,0.0,0.0,6.0
30,30,2016-01-31,13.333333333333336,2.2222222222222223,7.777777777777778,0.0,0.0,4.0
31,31,2016-02-01,15.0,6.666666666666668,10.833333333333336,0.01,0.0,2.0
32,32,2016-02-02,10.0,3.333333333333333,6.666666666666668,0.0,0.0,1.0
33,33,2016-02-03,15.0,5.5555555555555545,10.277777777777779,0.73,0.0,0.0
34,34,2016-02-04,15.0,6.666666666666668,10.833333333333336,1.0,0.0,0.0
35,35,2016-02-05,6.666666666666668,-0.5555555555555556,3.0555555555555562,0.53,2.5,1.0
36,36,2016-02-06,4.4444444444444455,-1.1111111111111112,1.6666666666666667,0.0,0.0,0.0
37,37,2016-02-07,8.333333333333334,0.5555555555555556,4.4444444444444455,0.0,0.0,0.0
38,38,2016-02-08,3.888888888888889,-2.2222222222222223,0.8333333333333334,0.05,0.1,0.0
39,39,2016-02-09,2.2222222222222223,-2.7777777777777777,-0.2777777777777778,0.0,1.0,1.0
40,40,2016-02-10,3.888888888888889,-0.5555555555555556,1.6666666666666667,0.01,1.0,0.0
41,41,2016-02-11,-0.5555555555555556,-7.777777777777778,-4.166666666666667,1.0,1.0,0.0
42,42,2016-02-12,-2.7777777777777777,-9.444444444444443,-6.1111111111111125,0.0,0.0,0.0
43,43,2016-02-13,-5.5555555555555545,-14.444444444444445,-10.0,0.0,0.0,0.0
44,44,2016-02-14,-9.444444444444443,-18.333333333333336,-13.888888888888891,0.0,0.0,0.0
45,45,2016-02-15,1.6666666666666667,-10.555555555555557,-4.4444444444444455,0.44,1.4,0.0
46,46,2016-02-16,12.222222222222225,1.6666666666666667,6.9444444444444455,1.01,0.0,0.0
47,47,2016-02-17,3.888888888888889,1.6666666666666667,2.7777777777777777,0.0,0.0,0.0
48,48,2016-02-18,2.2222222222222223,-2.7777777777777777,-0.2777777777777778,0.0,0.0,0.0
49,49,2016-02-19,3.888888888888889,-4.4444444444444455,-0.2777777777777778,0.0,0.0,0.0
50,50,2016-02-20,16.11111111111111,3.888888888888889,10.0,0.0,0.0,0.0
51,51,2016-02-21,12.777777777777779,6.666666666666668,9.722222222222225,0.03,0.0,0.0
52,52,2016-02-22,11.111111111111109,3.333333333333333,7.222222222222222,0.0,0.0,0.0
53,53,2016-02-23,4.4444444444444455,1.6666666666666667,3.0555555555555562,0.3,1.0,0.0
54,54,2016-02-24,15.555555555555555,2.2222222222222223,8.888888888888891,1.22,0.0,0.0
55,55,2016-02-25,16.11111111111111,2.7777777777777777,9.444444444444443,0.02,0.0,0.0
56,56,2016-02-26,3.888888888888889,-2.7777777777777777,0.5555555555555556,0.0,0.0,0.0
57,57,2016-02-27,5.0,-3.333333333333333,0.8333333333333334,0.0,0.0,0.0
58,58,2016-02-28,15.555555555555555,3.333333333333333,9.444444444444443,0.0,0.0,0.0
59,59,2016-02-29,16.11111111111111,8.333333333333334,12.222222222222225,0.05,0.0,0.0
60,60,2016-03-01,11.111111111111109,3.888888888888889,7.5,0.0,0.0,0.0
61,61,2016-03-02,12.777777777777779,-1.6666666666666667,5.5555555555555545,0.14,0.0,0.0
62,62,2016-03-03,2.2222222222222223,-3.333333333333333,-0.5555555555555556,0.0,0.0,0.0
63,63,2016-03-04,3.888888888888889,-1.1111111111111112,1.3888888888888888,0.11,0.4,1.0
64,64,2016-03-05,5.0,-2.2222222222222223,1.3888888888888888,0.0,0.0,0.0
65,65,2016-03-06,6.666666666666668,0.0,3.333333333333333,0.0,0.0,0.0
66,66,2016-03-07,15.555555555555555,2.2222222222222223,8.888888888888891,0.0,0.0,0.0
67,67,2016-03-08,19.44444444444445,8.333333333333334,13.888888888888891,0.0,0.0,0.0
68,68,2016-03-09,25.0,6.666666666666668,15.833333333333336,0.0,0.0,0.0
69,69,2016-03-10,26.11111111111111,17.22222222222222,21.66666666666667,0.0,0.0,0.0
70,70,2016-03-11,20.0,8.888888888888891,14.444444444444445,0.06,0.0,0.0
71,71,2016-03-12,15.0,4.4444444444444455,9.722222222222225,0.0,0.0,0.0
72,72,2016-03-13,16.666666666666668,10.0,13.333333333333336,1.0,0.0,0.0
73,73,2016-03-14,10.555555555555557,4.4444444444444455,7.5,0.29,0.0,0.0
74,74,2016-03-15,13.888888888888891,6.666666666666668,10.277777777777779,0.0,0.0,0.0
75,75,2016-03-16,18.333333333333336,8.888888888888891,13.611111111111114,0.02,0.0,0.0
76,76,2016-03-17,17.22222222222222,7.222222222222222,12.222222222222225,1.0,0.0,0.0
77,77,2016-03-18,13.888888888888891,5.5555555555555545,9.722222222222225,0.0,0.0,0.0
78,78,2016-03-19,7.777777777777778,2.2222222222222223,5.0,0.0,0.0,0.0
79,79,2016-03-20,6.1111111111111125,0.0,3.0555555555555562,0.07,1.0,0.0
80,80,2016-03-21,10.0,0.0,5.0,0.06,0.5,1.0
81,81,2016-03-22,13.333333333333336,1.6666666666666667,7.5,0.0,0.0,0.0
82,82,2016-03-23,21.66666666666667,8.888888888888891,15.277777777777779,0.0,0.0,0.0
83,83,2016-03-24,12.777777777777779,6.666666666666668,9.722222222222225,0.0,0.0,0.0
84,84,2016-03-25,22.222222222222218,6.666666666666668,14.444444444444445,0.04,0.0,0.0
85,85,2016-03-26,12.777777777777779,3.333333333333333,8.055555555555555,0.0,0.0,0.0
86,86,2016-03-27,12.777777777777779,6.1111111111111125,9.444444444444443,0.0,0.0,0.0
87,87,2016-03-28,16.666666666666668,5.5555555555555545,11.111111111111109,0.38,0.0,0.0
88,88,2016-03-29,11.666666666666668,4.4444444444444455,8.055555555555555,0.0,0.0,0.0
89,89,2016-03-30,13.333333333333336,2.7777777777777777,8.055555555555555,0.0,0.0,0.0
90,90,2016-03-31,22.777777777777782,9.444444444444443,16.11111111111111,0.0,0.0,0.0
91,91,2016-04-01,26.11111111111111,16.11111111111111,21.11111111111111,0.02,0.0,0.0
92,92,2016-04-02,16.11111111111111,9.444444444444443,12.777777777777779,0.16,0.0,0.0
93,93,2016-04-03,10.0,1.1111111111111112,5.5555555555555545,0.09,1.0,0.0
94,94,2016-04-04,7.222222222222222,-1.6666666666666667,2.7777777777777777,0.47,1.0,0.0
95,95,2016-04-05,6.1111111111111125,-3.333333333333333,1.3888888888888888,0.0,0.0,0.0
96,96,2016-04-06,8.888888888888891,-1.1111111111111112,3.888888888888889,0.0,0.0,0.0
97,97,2016-04-07,14.444444444444445,8.888888888888891,11.666666666666668,0.09,0.0,0.0
98,98,2016-04-08,10.0,4.4444444444444455,7.222222222222222,0.01,0.0,0.0
99,99,2016-04-09,6.1111111111111125,2.2222222222222223,4.166666666666667,0.11,1.0,0.0
100,100,2016-04-10,10.0,-0.5555555555555556,4.722222222222221,0.0,0.0,0.0
101,101,2016-04-11,18.333333333333336,6.1111111111111125,12.222222222222225,0.01,0.0,0.0
102,102,2016-04-12,15.0,7.222222222222222,11.111111111111109,0.2,0.0,0.0
103,103,2016-04-13,14.444444444444445,4.4444444444444455,9.444444444444443,0.0,0.0,0.0
104,104,2016-04-14,16.666666666666668,6.1111111111111125,11.388888888888891,0.0,0.0,0.0
105,105,2016-04-15,18.333333333333336,5.5555555555555545,11.944444444444445,0.0,0.0,0.0
106,106,2016-04-16,20.0,6.1111111111111125,13.055555555555555,0.0,0.0,0.0
107,107,2016-04-17,23.88888888888889,6.666666666666668,15.277777777777779,0.0,0.0,0.0
108,108,2016-04-18,27.777777777777782,10.555555555555557,19.166666666666668,0.0,0.0,0.0
109,109,2016-04-19,22.777777777777782,12.777777777777779,17.777777777777782,0.0,0.0,0.0
110,110,2016-04-20,20.555555555555557,9.444444444444443,15.0,0.0,0.0,0.0
111,111,2016-04-21,22.777777777777782,9.444444444444443,16.11111111111111,0.0,0.0,0.0
112,112,2016-04-22,26.11111111111111,16.666666666666668,21.38888888888889,1.0,0.0,0.0
113,113,2016-04-23,21.66666666666667,12.222222222222225,16.944444444444443,0.16,0.0,0.0
114,114,2016-04-24,20.0,8.333333333333334,14.166666666666668,0.0,0.0,0.0
115,115,2016-04-25,20.555555555555557,10.0,15.277777777777779,0.0,0.0,0.0
116,116,2016-04-26,15.555555555555555,8.333333333333334,11.944444444444445,0.24,0.0,0.0
117,117,2016-04-27,16.666666666666668,7.777777777777778,12.222222222222225,0.0,0.0,0.0
118,118,2016-04-28,15.0,8.888888888888891,11.944444444444445,0.0,0.0,0.0
119,119,2016-04-29,14.444444444444445,7.222222222222222,10.833333333333336,0.05,0.0,0.0
120,120,2016-04-30,18.333333333333336,7.777777777777778,13.055555555555555,0.0,0.0,0.0
121,121,2016-05-01,10.555555555555557,7.222222222222222,8.888888888888891,0.16,0.0,0.0
122,122,2016-05-02,15.555555555555555,7.222222222222222,11.388888888888891,0.04,0.0,0.0
123,123,2016-05-03,13.333333333333336,10.555555555555557,11.944444444444445,0.61,0.0,0.0
124,124,2016-05-04,11.111111111111109,8.888888888888891,10.0,0.01,0.0,0.0
125,125,2016-05-05,13.888888888888891,7.777777777777778,10.833333333333336,0.0,0.0,0.0
126,126,2016-05-06,12.222222222222225,8.888888888888891,10.555555555555557,0.54,0.0,0.0
127,127,2016-05-07,15.555555555555555,8.888888888888891,12.222222222222225,0.0,0.0,0.0
128,128,2016-05-08,18.88888888888889,9.444444444444443,14.166666666666668,0.16,0.0,0.0
129,129,2016-05-09,22.222222222222218,11.111111111111109,16.666666666666668,0.0,0.0,0.0
130,130,2016-05-10,17.22222222222222,10.0,13.611111111111114,0.0,0.0,0.0
131,131,2016-05-11,24.44444444444445,10.0,17.22222222222222,0.0,0.0,0.0
132,132,2016-05-12,26.66666666666667,13.333333333333336,20.0,0.0,0.0,0.0
133,133,2016-05-13,18.333333333333336,13.888888888888891,16.11111111111111,0.25,0.0,0.0
134,134,2016-05-14,22.777777777777782,13.333333333333336,18.055555555555557,0.0,0.0,0.0
135,135,2016-05-15,15.0,7.777777777777778,11.388888888888891,0.0,0.0,0.0
136,136,2016-05-16,18.88888888888889,6.1111111111111125,12.5,0.0,0.0,0.0
137,137,2016-05-17,17.777777777777782,11.111111111111109,14.444444444444445,0.0,0.0,0.0
138,138,2016-05-18,20.0,11.111111111111109,15.555555555555555,1.0,0.0,0.0
139,139,2016-05-19,22.777777777777782,12.222222222222225,17.5,0.0,0.0,0.0
140,140,2016-05-20,24.44444444444445,11.666666666666668,18.055555555555557,0.0,0.0,0.0
141,141,2016-05-21,18.88888888888889,12.222222222222225,15.555555555555555,0.04,0.0,0.0
142,142,2016-05-22,21.11111111111111,11.111111111111109,16.11111111111111,0.09,0.0,0.0
143,143,2016-05-23,25.555555555555557,13.333333333333336,19.44444444444445,0.02,0.0,0.0
144,144,2016-05-24,22.777777777777782,14.444444444444445,18.61111111111111,0.18,0.0,0.0
145,145,2016-05-25,31.11111111111111,16.11111111111111,23.61111111111111,0.0,0.0,0.0
146,146,2016-05-26,32.22222222222222,20.555555555555557,26.38888888888889,0.0,0.0,0.0
147,147,2016-05-27,30.555555555555557,22.777777777777782,26.66666666666667,0.0,0.0,0.0
148,148,2016-05-28,33.333333333333336,21.66666666666667,27.5,0.0,0.0,0.0
149,149,2016-05-29,30.555555555555557,21.11111111111111,25.833333333333336,1.0,0.0,0.0
150,150,2016-05-30,27.777777777777782,20.0,23.88888888888889,1.65,0.0,0.0
151,151,2016-05-31,29.44444444444445,21.66666666666667,25.555555555555557,0.0,0.0,0.0
152,152,2016-06-01,28.333333333333336,18.88888888888889,23.61111111111111,0.0,0.0,0.0
153,153,2016-06-02,25.555555555555557,16.666666666666668,21.11111111111111,0.0,0.0,0.0
154,154,2016-06-03,21.11111111111111,17.22222222222222,19.166666666666668,0.04,0.0,0.0
155,155,2016-06-04,28.333333333333336,18.88888888888889,23.61111111111111,0.4,0.0,0.0
156,156,2016-06-05,21.66666666666667,18.333333333333336,20.0,0.91,0.0,0.0
157,157,2016-06-06,28.333333333333336,18.333333333333336,23.333333333333336,0.0,0.0,0.0
158,158,2016-06-07,29.44444444444445,17.777777777777782,23.61111111111111,1.0,0.0,0.0
159,159,2016-06-08,19.44444444444445,11.111111111111109,15.277777777777779,0.45,0.0,0.0
160,160,2016-06-09,21.66666666666667,12.222222222222225,16.944444444444443,0.0,0.0,0.0
161,161,2016-06-10,25.0,13.888888888888891,19.44444444444445,0.0,0.0,0.0
162,162,2016-06-11,31.11111111111111,15.0,23.055555555555557,0.0,0.0,0.0
163,163,2016-06-12,28.333333333333336,16.666666666666668,22.5,0.0,0.0,0.0
164,164,2016-06-13,23.333333333333336,13.888888888888891,18.61111111111111,0.0,0.0,0.0
165,165,2016-06-14,26.11111111111111,14.444444444444445,20.277777777777782,0.0,0.0,0.0
166,166,2016-06-15,29.44444444444445,16.666666666666668,23.055555555555557,0.0,0.0,0.0
167,167,2016-06-16,23.333333333333336,18.333333333333336,20.833333333333336,0.22,0.0,0.0
168,168,2016-06-17,25.555555555555557,17.22222222222222,21.38888888888889,0.0,0.0,0.0
169,169,2016-06-18,30.555555555555557,16.11111111111111,23.333333333333336,0.0,0.0,0.0
170,170,2016-06-19,31.11111111111111,18.88888888888889,25.0,0.0,0.0,0.0
171,171,2016-06-20,28.88888888888889,17.777777777777782,23.333333333333336,0.0,0.0,0.0
172,172,2016-06-21,30.555555555555557,22.222222222222218,26.38888888888889,1.0,0.0,0.0
173,173,2016-06-22,30.0,20.0,25.0,0.0,0.0,0.0
174,174,2016-06-23,28.333333333333336,20.555555555555557,24.44444444444445,0.0,0.0,0.0
175,175,2016-06-24,28.88888888888889,19.44444444444445,24.16666666666667,0.0,0.0,0.0
176,176,2016-06-25,30.0,17.777777777777782,23.88888888888889,0.0,0.0,0.0
177,177,2016-06-26,30.555555555555557,19.44444444444445,25.0,0.0,0.0,0.0
178,178,2016-06-27,28.333333333333336,19.44444444444445,23.88888888888889,0.45,0.0,0.0
179,179,2016-06-28,24.44444444444445,20.0,22.222222222222218,0.12,0.0,0.0
180,180,2016-06-29,28.333333333333336,19.44444444444445,23.88888888888889,0.01,0.0,0.0
181,181,2016-06-30,29.44444444444445,19.44444444444445,24.44444444444445,0.0,0.0,0.0
182,182,2016-07-01,26.11111111111111,18.88888888888889,22.5,0.83,0.0,0.0
183,183,2016-07-02,24.44444444444445,17.22222222222222,20.833333333333336,0.0,0.0,0.0
184,184,2016-07-03,25.555555555555557,17.777777777777782,21.66666666666667,0.0,0.0,0.0
185,185,2016-07-04,28.88888888888889,18.88888888888889,23.88888888888889,0.49,0.0,0.0
186,186,2016-07-05,30.0,20.555555555555557,25.277777777777782,0.66,0.0,0.0
187,187,2016-07-06,32.77777777777778,23.88888888888889,28.333333333333336,0.0,0.0,0.0
188,188,2016-07-07,31.66666666666667,25.0,28.333333333333336,0.04,0.0,0.0
189,189,2016-07-08,30.0,19.44444444444445,24.72222222222223,0.08,0.0,0.0
190,190,2016-07-09,22.222222222222218,18.333333333333336,20.277777777777782,0.53,0.0,0.0
191,191,2016-07-10,26.66666666666667,18.88888888888889,22.777777777777782,1.0,0.0,0.0
192,192,2016-07-11,27.22222222222223,18.333333333333336,22.777777777777782,0.0,0.0,0.0
193,193,2016-07-12,27.777777777777782,20.0,23.88888888888889,0.0,0.0,0.0
194,194,2016-07-13,29.44444444444445,21.66666666666667,25.555555555555557,0.0,0.0,0.0
195,195,2016-07-14,31.11111111111111,22.777777777777782,26.94444444444445,0.62,0.0,0.0
196,196,2016-07-15,31.11111111111111,26.11111111111111,28.61111111111111,0.0,0.0,0.0
197,197,2016-07-16,32.22222222222222,23.88888888888889,28.055555555555557,1.0,0.0,0.0
198,198,2016-07-17,31.66666666666667,23.88888888888889,27.777777777777782,0.0,0.0,0.0
199,199,2016-07-18,33.888888888888886,22.222222222222218,28.055555555555557,0.35,0.0,0.0
200,200,2016-07-19,28.333333333333336,22.777777777777782,25.555555555555557,0.0,0.0,0.0
201,201,2016-07-20,29.44444444444445,20.0,24.72222222222223,0.0,0.0,0.0
202,202,2016-07-21,32.22222222222222,21.66666666666667,26.94444444444445,0.0,0.0,0.0
203,203,2016-07-22,34.44444444444444,23.333333333333336,28.88888888888889,0.0,0.0,0.0
204,204,2016-07-23,35.555555555555564,26.66666666666667,31.11111111111111,0.0,0.0,0.0
205,205,2016-07-24,34.44444444444444,23.88888888888889,29.16666666666667,0.0,0.0,0.0
206,206,2016-07-25,33.888888888888886,22.777777777777782,28.333333333333336,1.0,0.0,0.0
207,207,2016-07-26,31.66666666666667,22.222222222222218,26.94444444444445,0.0,0.0,0.0
208,208,2016-07-27,32.77777777777778,23.333333333333336,28.055555555555557,0.0,0.0,0.0
209,209,2016-07-28,35.0,23.88888888888889,29.44444444444445,1.0,0.0,0.0
210,210,2016-07-29,29.44444444444445,20.555555555555557,25.0,1.09,0.0,0.0
211,211,2016-07-30,28.88888888888889,22.777777777777782,25.833333333333336,0.25,0.0,0.0
212,212,2016-07-31,25.555555555555557,21.66666666666667,23.61111111111111,1.08,0.0,0.0
213,213,2016-08-01,26.66666666666667,20.555555555555557,23.61111111111111,1.0,0.0,0.0
214,214,2016-08-02,26.11111111111111,20.0,23.055555555555557,0.0,0.0,0.0
215,215,2016-08-03,26.66666666666667,18.88888888888889,22.777777777777782,0.0,0.0,0.0
216,216,2016-08-04,27.22222222222223,19.44444444444445,23.333333333333336,0.0,0.0,0.0
217,217,2016-08-05,28.333333333333336,20.555555555555557,24.44444444444445,0.0,0.0,0.0
218,218,2016-08-06,30.555555555555557,22.222222222222218,26.38888888888889,0.05,0.0,0.0
219,219,2016-08-07,30.0,21.11111111111111,25.555555555555557,0.0,0.0,0.0
220,220,2016-08-08,30.0,21.66666666666667,25.833333333333336,0.0,0.0,0.0
221,221,2016-08-09,30.555555555555557,21.66666666666667,26.11111111111111,0.0,0.0,0.0
222,222,2016-08-10,30.0,23.88888888888889,26.94444444444445,0.09,0.0,0.0
223,223,2016-08-11,32.77777777777778,23.333333333333336,28.055555555555557,0.15,0.0,0.0
224,224,2016-08-12,33.888888888888886,22.777777777777782,28.333333333333336,0.32,0.0,0.0
225,225,2016-08-13,35.555555555555564,27.22222222222223,31.38888888888889,0.0,0.0,0.0
226,226,2016-08-14,34.44444444444444,25.555555555555557,30.0,0.06,0.0,0.0
227,227,2016-08-15,33.333333333333336,25.0,29.16666666666667,0.0,0.0,0.0
228,228,2016-08-16,30.555555555555557,25.555555555555557,28.055555555555557,0.11,0.0,0.0
229,229,2016-08-17,29.44444444444445,25.0,27.22222222222223,0.01,0.0,0.0
230,230,2016-08-18,29.44444444444445,22.222222222222218,25.833333333333336,0.03,0.0,0.0
231,231,2016-08-19,31.11111111111111,23.333333333333336,27.22222222222223,0.01,0.0,0.0
232,232,2016-08-20,28.333333333333336,21.11111111111111,24.72222222222223,0.82,0.0,0.0
233,233,2016-08-21,30.0,22.777777777777782,26.38888888888889,0.31,0.0,0.0
234,234,2016-08-22,26.11111111111111,18.333333333333336,22.222222222222218,0.0,0.0,0.0
235,235,2016-08-23,27.777777777777782,16.11111111111111,21.94444444444445,0.0,0.0,0.0
236,236,2016-08-24,31.11111111111111,20.0,25.555555555555557,0.0,0.0,0.0
237,237,2016-08-25,30.0,20.555555555555557,25.277777777777782,0.01,0.0,0.0
238,238,2016-08-26,32.22222222222222,23.88888888888889,28.055555555555557,0.0,0.0,0.0
239,239,2016-08-27,31.66666666666667,22.777777777777782,27.22222222222223,0.0,0.0,0.0
240,240,2016-08-28,31.66666666666667,22.222222222222218,26.94444444444445,0.0,0.0,0.0
241,241,2016-08-29,32.77777777777778,23.333333333333336,28.055555555555557,0.0,0.0,0.0
242,242,2016-08-30,30.0,20.555555555555557,25.277777777777782,0.0,0.0,0.0
243,243,2016-08-31,31.66666666666667,23.333333333333336,27.5,1.0,0.0,0.0
244,244,2016-09-01,26.11111111111111,20.555555555555557,23.333333333333336,0.5,0.0,0.0
245,245,2016-09-02,27.22222222222223,18.88888888888889,23.055555555555557,0.0,0.0,0.0
246,246,2016-09-03,23.88888888888889,18.88888888888889,21.38888888888889,0.0,0.0,0.0
247,247,2016-09-04,26.66666666666667,18.333333333333336,22.5,0.0,0.0,0.0
248,248,2016-09-05,28.88888888888889,18.333333333333336,23.61111111111111,0.0,0.0,0.0
249,249,2016-09-06,26.66666666666667,21.66666666666667,24.16666666666667,1.0,0.0,0.0
250,250,2016-09-07,29.44444444444445,21.66666666666667,25.555555555555557,0.0,0.0,0.0
251,251,2016-09-08,31.66666666666667,21.66666666666667,26.66666666666667,0.0,0.0,0.0
252,252,2016-09-09,32.77777777777778,23.88888888888889,28.333333333333336,0.22,0.0,0.0
253,253,2016-09-10,32.22222222222222,23.333333333333336,27.777777777777782,1.0,0.0,0.0
254,254,2016-09-11,28.333333333333336,19.44444444444445,23.88888888888889,0.0,0.0,0.0
255,255,2016-09-12,25.555555555555557,16.666666666666668,21.11111111111111,0.0,0.0,0.0
256,256,2016-09-13,28.333333333333336,17.777777777777782,23.055555555555557,0.0,0.0,0.0
257,257,2016-09-14,32.77777777777778,19.44444444444445,26.11111111111111,0.56,0.0,0.0
258,258,2016-09-15,23.333333333333336,16.11111111111111,19.722222222222218,0.0,0.0,0.0
259,259,2016-09-16,22.777777777777782,16.11111111111111,19.44444444444445,0.0,0.0,0.0
260,260,2016-09-17,25.0,15.0,20.0,0.0,0.0,0.0
261,261,2016-09-18,27.777777777777782,21.11111111111111,24.44444444444445,0.0,0.0,0.0
262,262,2016-09-19,24.44444444444445,20.555555555555557,22.5,0.68,0.0,0.0
263,263,2016-09-20,27.777777777777782,20.0,23.88888888888889,0.0,0.0,0.0
264,264,2016-09-21,28.88888888888889,20.0,24.44444444444445,0.0,0.0,0.0
265,265,2016-09-22,30.0,18.333333333333336,24.16666666666667,0.0,0.0,0.0
266,266,2016-09-23,30.555555555555557,17.777777777777782,24.16666666666667,0.01,0.0,0.0
267,267,2016-09-24,21.66666666666667,14.444444444444445,18.055555555555557,0.2,0.0,0.0
268,268,2016-09-25,21.11111111111111,12.222222222222225,16.666666666666668,0.0,0.0,0.0
269,269,2016-09-26,23.333333333333336,12.222222222222225,17.777777777777782,0.0,0.0,0.0
270,270,2016-09-27,23.333333333333336,17.777777777777782,20.555555555555557,0.22,0.0,0.0
271,271,2016-09-28,20.555555555555557,13.333333333333336,16.944444444444443,0.0,0.0,0.0
272,272,2016-09-29,17.777777777777782,13.888888888888891,15.833333333333336,0.0,0.0,0.0
273,273,2016-09-30,15.0,13.333333333333336,14.166666666666668,0.4,0.0,0.0
274,274,2016-10-01,16.666666666666668,13.333333333333336,15.0,0.0,0.0,0.0
275,275,2016-10-02,17.22222222222222,13.888888888888891,15.555555555555555,0.0,0.0,0.0
276,276,2016-10-03,22.222222222222218,15.555555555555555,18.88888888888889,0.0,0.0,0.0
277,277,2016-10-04,20.555555555555557,15.555555555555555,18.055555555555557,0.0,0.0,0.0
278,278,2016-10-05,19.44444444444445,11.666666666666668,15.555555555555555,0.0,0.0,0.0
279,279,2016-10-06,22.777777777777782,12.777777777777779,17.777777777777782,0.0,0.0,0.0
280,280,2016-10-07,23.88888888888889,13.888888888888891,18.88888888888889,0.0,0.0,0.0
281,281,2016-10-08,20.0,14.444444444444445,17.22222222222222,0.23,0.0,0.0
282,282,2016-10-09,18.333333333333336,10.555555555555557,14.444444444444445,0.55,0.0,0.0
283,283,2016-10-10,17.777777777777782,8.333333333333334,13.055555555555555,0.0,0.0,0.0
284,284,2016-10-11,17.22222222222222,7.777777777777778,12.5,0.0,0.0,0.0
285,285,2016-10-12,18.88888888888889,11.666666666666668,15.277777777777779,0.0,0.0,0.0
286,286,2016-10-13,19.44444444444445,11.666666666666668,15.555555555555555,1.0,0.0,0.0
287,287,2016-10-14,16.666666666666668,8.333333333333334,12.5,0.0,0.0,0.0
288,288,2016-10-15,18.333333333333336,7.222222222222222,12.777777777777779,0.0,0.0,0.0
289,289,2016-10-16,20.555555555555557,11.666666666666668,16.11111111111111,0.0,0.0,0.0
290,290,2016-10-17,27.22222222222223,17.22222222222222,22.222222222222218,0.0,0.0,0.0
291,291,2016-10-18,27.22222222222223,19.44444444444445,23.333333333333336,0.0,0.0,0.0
292,292,2016-10-19,29.44444444444445,18.333333333333336,23.88888888888889,0.0,0.0,0.0
293,293,2016-10-20,21.11111111111111,16.666666666666668,18.88888888888889,0.0,0.0,0.0
294,294,2016-10-21,20.555555555555557,13.888888888888891,17.22222222222222,1.11,0.0,0.0
295,295,2016-10-22,13.888888888888891,8.333333333333334,11.111111111111109,0.29,0.0,0.0
296,296,2016-10-23,16.11111111111111,7.222222222222222,11.666666666666668,0.0,0.0,0.0
297,297,2016-10-24,16.666666666666668,8.333333333333334,12.5,1.0,0.0,0.0
298,298,2016-10-25,11.111111111111109,6.1111111111111125,8.61111111111111,0.0,0.0,0.0
299,299,2016-10-26,10.555555555555557,3.333333333333333,6.9444444444444455,0.0,0.0,0.0
300,300,2016-10-27,12.777777777777779,4.4444444444444455,8.61111111111111,1.41,0.0,0.0
301,301,2016-10-28,10.555555555555557,5.5555555555555545,8.055555555555555,0.0,0.0,0.0
302,302,2016-10-29,17.777777777777782,3.888888888888889,10.833333333333336,0.0,0.0,0.0
303,303,2016-10-30,24.44444444444445,12.222222222222225,18.333333333333336,0.56,0.0,0.0
304,304,2016-10-31,12.222222222222225,6.666666666666668,9.444444444444443,0.0,0.0,0.0
305,305,2016-11-01,14.444444444444445,4.4444444444444455,9.444444444444443,0.0,0.0,0.0
306,306,2016-11-02,21.11111111111111,12.222222222222225,16.666666666666668,0.0,0.0,0.0
307,307,2016-11-03,22.222222222222218,13.888888888888891,18.055555555555557,0.0,0.0,0.0
308,308,2016-11-04,16.11111111111111,8.333333333333334,12.222222222222225,0.0,0.0,0.0
309,309,2016-11-05,16.666666666666668,6.666666666666668,11.666666666666668,0.0,0.0,0.0
310,310,2016-11-06,15.0,7.222222222222222,11.111111111111109,0.0,0.0,0.0
311,311,2016-11-07,11.666666666666668,5.0,8.333333333333334,0.0,0.0,0.0
312,312,2016-11-08,18.88888888888889,5.0,11.944444444444445,0.0,0.0,0.0
313,313,2016-11-09,15.0,9.444444444444443,12.222222222222225,0.06,0.0,0.0
314,314,2016-11-10,13.333333333333336,4.4444444444444455,8.888888888888891,0.0,0.0,0.0
315,315,2016-11-11,17.22222222222222,5.0,11.111111111111109,0.0,0.0,0.0
316,316,2016-11-12,10.0,2.7777777777777777,6.388888888888888,0.0,0.0,0.0
317,317,2016-11-13,16.11111111111111,5.0,10.555555555555557,0.0,0.0,0.0
318,318,2016-11-14,16.666666666666668,7.777777777777778,12.222222222222225,0.0,0.0,0.0
319,319,2016-11-15,13.333333333333336,8.333333333333334,10.833333333333336,1.81,0.0,0.0
320,320,2016-11-16,16.11111111111111,7.222222222222222,11.666666666666668,0.0,0.0,0.0
321,321,2016-11-17,16.11111111111111,9.444444444444443,12.777777777777779,0.0,0.0,0.0
322,322,2016-11-18,17.777777777777782,6.666666666666668,12.222222222222225,0.0,0.0,0.0
323,323,2016-11-19,17.22222222222222,2.7777777777777777,10.0,0.25,0.0,0.0
324,324,2016-11-20,5.5555555555555545,1.1111111111111112,3.333333333333333,0.31,1.0,0.0
325,325,2016-11-21,5.0,2.2222222222222223,3.611111111111111,0.0,0.0,0.0
326,326,2016-11-22,5.0,2.7777777777777777,3.888888888888889,0.0,0.0,0.0
327,327,2016-11-23,7.222222222222222,1.6666666666666667,4.4444444444444455,0.0,0.0,0.0
328,328,2016-11-24,8.888888888888891,3.333333333333333,6.1111111111111125,0.03,0.0,0.0
329,329,2016-11-25,12.222222222222225,7.222222222222222,9.722222222222225,0.02,0.0,0.0
330,330,2016-11-26,10.0,4.4444444444444455,7.222222222222222,0.0,0.0,0.0
331,331,2016-11-27,10.0,3.888888888888889,6.9444444444444455,0.0,0.0,0.0
332,332,2016-11-28,11.111111111111109,3.333333333333333,7.222222222222222,0.0,0.0,0.0
333,333,2016-11-29,15.555555555555555,10.555555555555557,13.055555555555555,2.2,0.0,0.0
334,334,2016-11-30,14.444444444444445,10.0,12.222222222222225,0.73,0.0,0.0
335,335,2016-12-01,12.222222222222225,5.5555555555555545,8.888888888888891,0.07,0.0,0.0
336,336,2016-12-02,10.555555555555557,4.4444444444444455,7.5,0.0,0.0,0.0
337,337,2016-12-03,8.333333333333334,5.0,6.666666666666668,1.0,0.0,0.0
338,338,2016-12-04,8.333333333333334,3.888888888888889,6.1111111111111125,0.0,0.0,0.0
339,339,2016-12-05,9.444444444444443,3.333333333333333,6.388888888888888,0.19,0.0,0.0
340,340,2016-12-06,7.777777777777778,2.7777777777777777,5.277777777777779,0.35,0.0,0.0
341,341,2016-12-07,7.777777777777778,4.4444444444444455,6.1111111111111125,0.09,0.0,0.0
342,342,2016-12-08,7.222222222222222,1.6666666666666667,4.4444444444444455,0.0,0.0,0.0
343,343,2016-12-09,3.888888888888889,-1.6666666666666667,1.1111111111111112,0.0,0.0,0.0
344,344,2016-12-10,1.6666666666666667,-2.2222222222222223,-0.2777777777777778,0.0,0.0,0.0
345,345,2016-12-11,1.6666666666666667,-2.2222222222222223,-0.2777777777777778,0.03,0.4,0.0
346,346,2016-12-12,7.777777777777778,1.1111111111111112,4.4444444444444455,0.5,0.0,0.0
347,347,2016-12-13,6.1111111111111125,1.6666666666666667,3.888888888888889,0.0,0.0,0.0
348,348,2016-12-14,5.5555555555555545,1.1111111111111112,3.333333333333333,0.0,0.0,0.0
349,349,2016-12-15,1.1111111111111112,-7.222222222222222,-3.0555555555555562,0.0,1.0,0.0
350,350,2016-12-16,-2.7777777777777777,-8.333333333333334,-5.5555555555555545,0.0,0.0,0.0
351,351,2016-12-17,3.888888888888889,-4.4444444444444455,-0.2777777777777778,0.73,2.8,2.0
352,352,2016-12-18,14.444444444444445,-0.5555555555555556,6.9444444444444455,0.04,0.0,1.0
353,353,2016-12-19,-0.5555555555555556,-5.0,-2.7777777777777777,0.0,0.0,0.0
354,354,2016-12-20,0.5555555555555556,-6.666666666666668,-3.0555555555555562,0.0,0.0,0.0
355,355,2016-12-21,4.4444444444444455,-1.1111111111111112,1.6666666666666667,0.0,0.0,0.0
356,356,2016-12-22,9.444444444444443,2.7777777777777777,6.1111111111111125,0.0,0.0,0.0
357,357,2016-12-23,8.333333333333334,3.333333333333333,5.833333333333334,0.0,0.0,0.0
358,358,2016-12-24,8.333333333333334,3.333333333333333,5.833333333333334,0.47,0.0,0.0
359,359,2016-12-25,10.0,2.2222222222222223,6.1111111111111125,0.0,0.0,0.0
360,360,2016-12-26,10.0,0.5555555555555556,5.277777777777779,0.02,0.0,0.0
361,361,2016-12-27,15.555555555555555,4.4444444444444455,10.0,0.0,0.0,0.0
362,362,2016-12-28,4.4444444444444455,1.1111111111111112,2.7777777777777777,0.0,0.0,0.0
363,363,2016-12-29,7.777777777777778,0.5555555555555556,4.166666666666667,0.39,0.0,0.0
364,364,2016-12-30,4.4444444444444455,0.5555555555555556,2.5,0.01,1.0,0.0
365,365,2016-12-31,6.666666666666668,-0.5555555555555556,3.0555555555555562,0.0,0.0,0.0
366,0,2017-01-01,8.888888888888891,4.4444444444444455,6.666666666666668,1.0,0.0,0.0
367,1,2017-01-02,5.0,2.7777777777777777,3.888888888888889,0.21,1.0,0.0
368,2,2017-01-03,6.1111111111111125,3.888888888888889,5.0,0.58,0.0,0.0
369,3,2017-01-04,11.111111111111109,1.1111111111111112,6.1111111111111125,0.0,0.0,0.0
370,4,2017-01-05,1.1111111111111112,-2.7777777777777777,-0.8333333333333334,0.0,0.0,0.0
371,5,2017-01-06,0.5555555555555556,-3.888888888888889,-1.6666666666666667,0.05,1.2,1.0
372,6,2017-01-07,-3.333333333333333,-6.666666666666668,-5.0,0.32,5.1,1.0
373,7,2017-01-08,-3.888888888888889,-8.888888888888891,-6.388888888888888,0.0,0.0,4.0
374,8,2017-01-09,-5.0,-10.0,-7.5,0.0,0.0,3.0
375,9,2017-01-10,7.777777777777778,-6.1111111111111125,0.8333333333333334,0.0,0.0,3.0
376,10,2017-01-11,11.111111111111109,5.5555555555555545,8.333333333333334,0.52,0.0,0.0
377,11,2017-01-12,18.88888888888889,8.333333333333334,13.611111111111114,0.05,0.0,0.0
378,12,2017-01-13,16.666666666666668,0.0,8.333333333333334,0.0,0.0,0.0
379,13,2017-01-14,1.1111111111111112,-2.2222222222222223,-0.5555555555555556,0.12,0.6,0.0
380,14,2017-01-15,3.333333333333333,-1.1111111111111112,1.1111111111111112,0.0,0.0,1.0
381,15,2017-01-16,6.1111111111111125,-1.1111111111111112,2.5,0.0,0.0,1.0
382,16,2017-01-17,5.5555555555555545,3.333333333333333,4.4444444444444455,0.35,0.0,0.0
383,17,2017-01-18,5.0,3.333333333333333,4.166666666666667,0.06,0.0,0.0
384,18,2017-01-19,9.444444444444443,3.888888888888889,6.666666666666668,0.0,0.0,0.0
385,19,2017-01-20,7.222222222222222,4.4444444444444455,5.833333333333334,0.1,0.0,0.0
386,20,2017-01-21,9.444444444444443,5.0,7.222222222222222,0.0,0.0,0.0
387,21,2017-01-22,8.888888888888891,6.1111111111111125,7.5,0.05,0.0,0.0
388,22,2017-01-23,6.666666666666668,2.2222222222222223,4.4444444444444455,1.16,0.0,0.0
389,23,2017-01-24,3.333333333333333,1.6666666666666667,2.5,1.18,1.0,0.0
390,24,2017-01-25,10.555555555555557,2.2222222222222223,6.388888888888888,0.0,0.0,0.0
391,25,2017-01-26,13.333333333333336,6.1111111111111125,9.722222222222225,0.02,0.0,0.0
392,26,2017-01-27,6.1111111111111125,2.2222222222222223,4.166666666666667,0.0,0.0,0.0
393,27,2017-01-28,3.888888888888889,1.1111111111111112,2.5,0.0,0.0,0.0
394,28,2017-01-29,6.1111111111111125,1.6666666666666667,3.888888888888889,0.0,0.0,0.0
395,29,2017-01-30,2.7777777777777777,-1.1111111111111112,0.8333333333333334,0.0,0.0,0.0
396,30,2017-01-31,1.1111111111111112,-3.333333333333333,-1.1111111111111112,0.06,1.0,0.0
397,0,2017-02-01,8.333333333333334,0.5555555555555556,4.4444444444444455,0.0,0.0,1.0
398,1,2017-02-02,7.222222222222222,0.0,3.611111111111111,0.0,0.0,0.0
399,2,2017-02-03,0.5555555555555556,-3.333333333333333,-1.3888888888888888,0.0,0.0,0.0
400,3,2017-02-04,1.1111111111111112,-5.5555555555555545,-2.2222222222222223,0.0,0.0,0.0
401,4,2017-02-05,6.1111111111111125,-0.5555555555555556,2.7777777777777777,0.0,0.0,0.0
402,5,2017-02-06,9.444444444444443,2.2222222222222223,5.833333333333334,0.0,0.0,0.0
403,6,2017-02-07,5.5555555555555545,2.2222222222222223,3.888888888888889,0.27,0.0,0.0
404,7,2017-02-08,16.666666666666668,3.333333333333333,10.0,0.03,0.0,0.0
405,8,2017-02-09,6.666666666666668,-7.222222222222222,-0.2777777777777778,1.16,9.4,2.0
406,9,2017-02-10,0.0,-7.222222222222222,-3.611111111111111,1.0,1.0,8.0
407,10,2017-02-11,8.888888888888891,-1.1111111111111112,3.888888888888889,0.0,0.0,5.0
408,11,2017-02-12,4.4444444444444455,-1.1111111111111112,1.6666666666666667,0.46,1.0,2.0
409,12,2017-02-13,3.888888888888889,-0.5555555555555556,1.6666666666666667,0.02,0.0,2.0
410,13,2017-02-14,5.0,-2.2222222222222223,1.3888888888888888,0.0,0.0,2.0
411,14,2017-02-15,8.333333333333334,1.6666666666666667,5.0,1.0,0.0,1.0
412,15,2017-02-16,1.6666666666666667,-2.2222222222222223,-0.2777777777777778,0.0,0.0,1.0
413,16,2017-02-17,5.0,-3.333333333333333,0.8333333333333334,0.0,0.0,1.0
414,17,2017-02-18,17.22222222222222,1.6666666666666667,9.444444444444443,0.0,0.0,0.0
415,18,2017-02-19,18.333333333333336,11.666666666666668,15.0,0.0,0.0,0.0
416,19,2017-02-20,12.777777777777779,3.888888888888889,8.333333333333334,0.0,0.0,0.0
417,20,2017-02-21,8.333333333333334,1.1111111111111112,4.722222222222221,0.0,0.0,0.0
418,21,2017-02-22,13.888888888888891,5.5555555555555545,9.722222222222225,0.0,0.0,0.0
419,22,2017-02-23,18.333333333333336,6.666666666666668,12.5,0.0,0.0,0.0
420,23,2017-02-24,21.11111111111111,14.444444444444445,17.777777777777782,0.0,0.0,0.0
421,24,2017-02-25,17.22222222222222,6.666666666666668,11.944444444444445,0.54,0.0,0.0
422,25,2017-02-26,6.666666666666668,2.2222222222222223,4.4444444444444455,0.0,0.0,0.0
423,26,2017-02-27,12.222222222222225,1.6666666666666667,6.9444444444444455,0.0,0.0,0.0
424,27,2017-02-28,15.0,8.333333333333334,11.666666666666668,0.0,0.0,0.0
425,0,2017-03-01,21.11111111111111,12.222222222222225,16.666666666666668,0.12,0.0,0.0
426,1,2017-03-02,17.777777777777782,1.6666666666666667,9.722222222222225,0.0,0.0,0.0
427,2,2017-03-03,3.888888888888889,-4.4444444444444455,-0.2777777777777778,0.0,0.0,0.0
428,3,2017-03-04,-1.1111111111111112,-8.333333333333334,-4.722222222222221,0.0,0.0,0.0
429,4,2017-03-05,2.7777777777777777,-10.0,-3.611111111111111,0.0,0.0,0.0
430,5,2017-03-06,7.222222222222222,-3.333333333333333,1.9444444444444449,0.0,0.0,0.0
431,6,2017-03-07,13.333333333333336,5.5555555555555545,9.444444444444443,0.1,0.0,0.0
432,7,2017-03-08,15.0,8.333333333333334,11.666666666666668,0.02,0.0,0.0
433,8,2017-03-09,16.11111111111111,8.333333333333334,12.222222222222225,0.0,0.0,0.0
434,9,2017-03-10,8.333333333333334,-5.0,1.6666666666666667,0.31,2.1,0.0
435,10,2017-03-11,-1.6666666666666667,-8.333333333333334,-5.0,0.0,0.0,1.0
436,11,2017-03-12,-1.6666666666666667,-7.222222222222222,-4.4444444444444455,0.0,0.0,1.0
437,12,2017-03-13,2.2222222222222223,-6.666666666666668,-2.2222222222222223,0.0,1.0,0.0
438,13,2017-03-14,0.0,-6.1111111111111125,-3.0555555555555562,1.97,7.6,4.0
439,14,2017-03-15,-3.333333333333333,-6.666666666666668,-5.0,0.0,0.0,6.0
440,15,2017-03-16,3.888888888888889,-4.4444444444444455,-0.2777777777777778,0.0,0.0,5.0
441,16,2017-03-17,8.333333333333334,-1.6666666666666667,3.333333333333333,0.0,0.0,4.0
442,17,2017-03-18,3.888888888888889,1.1111111111111112,2.5,0.08,1.0,3.0
443,18,2017-03-19,8.333333333333334,1.1111111111111112,4.722222222222221,0.0,0.0,3.0
444,19,2017-03-20,11.111111111111109,0.5555555555555556,5.833333333333334,0.0,0.0,1.0
445,20,2017-03-21,15.0,5.5555555555555545,10.277777777777779,0.0,0.0,0.0
446,21,2017-03-22,10.0,-4.4444444444444455,2.7777777777777777,0.0,0.0,0.0
447,22,2017-03-23,5.5555555555555545,-5.0,0.2777777777777778,0.0,0.0,0.0
448,23,2017-03-24,13.888888888888891,2.2222222222222223,8.055555555555555,1.0,0.0,0.0
449,24,2017-03-25,16.666666666666668,5.5555555555555545,11.111111111111109,0.01,0.0,0.0
450,25,2017-03-26,5.5555555555555545,2.7777777777777777,4.166666666666667,0.14,0.0,0.0
451,26,2017-03-27,11.666666666666668,2.7777777777777777,7.222222222222222,0.26,0.0,0.0
452,27,2017-03-28,7.777777777777778,5.0,6.388888888888888,0.72,0.0,0.0
453,28,2017-03-29,15.555555555555555,5.5555555555555545,10.555555555555557,0.0,0.0,0.0
454,29,2017-03-30,11.111111111111109,3.333333333333333,7.222222222222222,0.01,0.0,0.0
455,30,2017-03-31,6.1111111111111125,2.7777777777777777,4.4444444444444455,1.51,0.0,0.0
456,0,2017-04-01,8.888888888888891,2.7777777777777777,5.833333333333334,0.0,0.0,0.0
457,1,2017-04-02,17.22222222222222,4.4444444444444455,10.833333333333336,0.0,0.0,0.0
458,2,2017-04-03,17.22222222222222,8.888888888888891,13.055555555555555,0.03,0.0,0.0
459,3,2017-04-04,10.555555555555557,7.222222222222222,8.888888888888891,1.18,0.0,0.0
460,4,2017-04-05,18.333333333333336,7.222222222222222,12.777777777777779,0.0,0.0,0.0
461,5,2017-04-06,11.666666666666668,4.4444444444444455,8.055555555555555,0.73,0.0,0.0
462,6,2017-04-07,10.555555555555557,4.4444444444444455,7.5,1.0,0.0,0.0
463,7,2017-04-08,13.888888888888891,4.4444444444444455,9.166666666666668,0.0,0.0,0.0
464,8,2017-04-09,19.44444444444445,7.222222222222222,13.333333333333336,0.0,0.0,0.0
465,9,2017-04-10,23.333333333333336,11.666666666666668,17.5,0.0,0.0,0.0
466,10,2017-04-11,26.66666666666667,16.11111111111111,21.38888888888889,0.0,0.0,0.0
467,11,2017-04-12,24.44444444444445,14.444444444444445,19.44444444444445,0.02,0.0,0.0
468,12,2017-04-13,18.333333333333336,8.888888888888891,13.611111111111114,0.0,0.0,0.0
469,13,2017-04-14,18.88888888888889,8.888888888888891,13.888888888888891,0.0,0.0,0.0
470,14,2017-04-15,18.333333333333336,10.555555555555557,14.444444444444445,0.0,0.0,0.0
471,15,2017-04-16,30.555555555555557,15.0,22.777777777777782,1.0,0.0,0.0
472,16,2017-04-17,23.333333333333336,14.444444444444445,18.88888888888889,1.0,0.0,0.0
473,17,2017-04-18,18.333333333333336,8.333333333333334,13.333333333333336,0.0,0.0,0.0
474,18,2017-04-19,12.222222222222225,7.222222222222222,9.722222222222225,1.0,0.0,0.0
475,19,2017-04-20,18.88888888888889,10.0,14.444444444444445,0.17,0.0,0.0
476,20,2017-04-21,11.666666666666668,8.888888888888891,10.277777777777779,0.29,0.0,0.0
477,21,2017-04-22,13.888888888888891,9.444444444444443,11.666666666666668,0.11,0.0,0.0
478,22,2017-04-23,18.88888888888889,7.777777777777778,13.333333333333336,0.0,0.0,0.0
479,23,2017-04-24,15.555555555555555,8.888888888888891,12.222222222222225,1.0,0.0,0.0
480,24,2017-04-25,12.222222222222225,9.444444444444443,10.833333333333336,0.91,0.0,0.0
481,25,2017-04-26,15.555555555555555,11.666666666666668,13.611111111111114,0.34,0.0,0.0
482,26,2017-04-27,21.11111111111111,13.888888888888891,17.5,0.0,0.0,0.0
483,27,2017-04-28,29.44444444444445,14.444444444444445,21.94444444444445,1.0,0.0,0.0
484,28,2017-04-29,29.44444444444445,17.777777777777782,23.61111111111111,0.06,0.0,0.0
485,29,2017-04-30,19.44444444444445,11.111111111111109,15.277777777777779,0.0,0.0,0.0
486,0,2017-05-01,23.333333333333336,9.444444444444443,16.38888888888889,0.0,0.0,0.0
487,1,2017-05-02,23.88888888888889,16.666666666666668,20.277777777777782,1.0,0.0,0.0
488,2,2017-05-03,18.333333333333336,10.555555555555557,14.444444444444445,0.0,0.0,0.0
489,3,2017-05-04,17.777777777777782,8.333333333333334,13.055555555555555,0.0,0.0,0.0
490,4,2017-05-05,15.0,10.555555555555557,12.777777777777779,3.02,0.0,0.0
491,5,2017-05-06,19.44444444444445,11.111111111111109,15.277777777777779,0.18,0.0,0.0
492,6,2017-05-07,13.333333333333336,8.333333333333334,10.833333333333336,0.01,0.0,0.0
493,7,2017-05-08,13.888888888888891,6.666666666666668,10.277777777777779,0.0,0.0,0.0
494,8,2017-05-09,17.22222222222222,8.333333333333334,12.777777777777779,0.0,0.0,0.0
495,9,2017-05-10,17.22222222222222,9.444444444444443,13.333333333333336,0.0,0.0,0.0
496,10,2017-05-11,16.666666666666668,10.555555555555557,13.611111111111114,0.0,0.0,0.0
497,11,2017-05-12,18.333333333333336,8.888888888888891,13.611111111111114,0.0,0.0,0.0
498,12,2017-05-13,11.666666666666668,7.222222222222222,9.444444444444443,1.61,0.0,0.0
499,13,2017-05-14,19.44444444444445,7.777777777777778,13.611111111111114,0.02,0.0,0.0
500,14,2017-05-15,20.0,11.666666666666668,15.833333333333336,0.0,0.0,0.0
501,15,2017-05-16,26.11111111111111,13.333333333333336,19.722222222222218,0.0,0.0,0.0
502,16,2017-05-17,32.22222222222222,18.333333333333336,25.277777777777782,0.0,0.0,0.0
503,17,2017-05-18,33.333333333333336,23.88888888888889,28.61111111111111,0.0,0.0,0.0
504,18,2017-05-19,32.77777777777778,18.88888888888889,25.833333333333336,0.0,0.0,0.0
505,19,2017-05-20,18.333333333333336,12.777777777777779,15.555555555555555,0.01,0.0,0.0
506,20,2017-05-21,20.555555555555557,11.111111111111109,15.833333333333336,0.0,0.0,0.0
507,21,2017-05-22,16.11111111111111,11.666666666666668,13.888888888888891,0.59,0.0,0.0
508,22,2017-05-23,20.555555555555557,13.333333333333336,16.944444444444443,0.0,0.0,0.0
509,23,2017-05-24,20.555555555555557,13.333333333333336,16.944444444444443,0.04,0.0,0.0
510,24,2017-05-25,15.0,13.333333333333336,14.166666666666668,0.58,0.0,0.0
511,25,2017-05-26,22.777777777777782,13.333333333333336,18.055555555555557,0.1,0.0,0.0
512,26,2017-05-27,21.66666666666667,15.0,18.333333333333336,0.0,0.0,0.0
513,27,2017-05-28,21.66666666666667,14.444444444444445,18.055555555555557,0.0,0.0,0.0
514,28,2017-05-29,16.11111111111111,13.333333333333336,14.722222222222225,0.13,0.0,0.0
515,29,2017-05-30,15.555555555555555,12.777777777777779,14.166666666666668,0.06,0.0,0.0
516,30,2017-05-31,23.88888888888889,14.444444444444445,19.166666666666668,0.03,0.0,0.0
517,0,2017-06-01,26.11111111111111,15.0,20.555555555555557,1.0,0.0,0.0
518,1,2017-06-02,24.44444444444445,13.888888888888891,19.166666666666668,0.01,0.0,0.0
519,2,2017-06-03,22.777777777777782,12.777777777777779,17.777777777777782,0.01,0.0,0.0
520,3,2017-06-04,21.11111111111111,13.333333333333336,17.22222222222222,0.09,0.0,0.0
521,4,2017-06-05,19.44444444444445,14.444444444444445,16.944444444444443,0.02,0.0,0.0
522,5,2017-06-06,14.444444444444445,11.111111111111109,12.777777777777779,0.06,0.0,0.0
523,6,2017-06-07,19.44444444444445,10.555555555555557,15.0,0.0,0.0,0.0
524,7,2017-06-08,20.555555555555557,12.777777777777779,16.666666666666668,0.0,0.0,0.0
525,8,2017-06-09,26.66666666666667,11.666666666666668,19.166666666666668,0.0,0.0,0.0
526,9,2017-06-10,29.44444444444445,18.88888888888889,24.16666666666667,0.0,0.0,0.0
527,10,2017-06-11,32.22222222222222,22.222222222222218,27.22222222222223,0.0,0.0,0.0
528,11,2017-06-12,33.888888888888886,24.44444444444445,29.16666666666667,0.0,0.0,0.0
529,12,2017-06-13,34.44444444444444,25.0,29.72222222222223,1.0,0.0,0.0
530,13,2017-06-14,28.88888888888889,20.555555555555557,24.72222222222223,0.29,0.0,0.0
531,14,2017-06-15,24.44444444444445,17.777777777777782,21.11111111111111,0.0,0.0,0.0
532,15,2017-06-16,20.0,17.22222222222222,18.61111111111111,0.0,0.0,0.0
533,16,2017-06-17,23.333333333333336,18.88888888888889,21.11111111111111,1.39,0.0,0.0
534,17,2017-06-18,29.44444444444445,21.11111111111111,25.277777777777782,1.0,0.0,0.0
535,18,2017-06-19,31.11111111111111,21.11111111111111,26.11111111111111,1.35,0.0,0.0
536,19,2017-06-20,28.333333333333336,21.66666666666667,25.0,0.03,0.0,0.0
537,20,2017-06-21,28.333333333333336,21.66666666666667,25.0,0.0,0.0,0.0
538,21,2017-06-22,28.333333333333336,20.0,24.16666666666667,0.0,0.0,0.0
539,22,2017-06-23,28.333333333333336,24.44444444444445,26.38888888888889,0.04,0.0,0.0
540,23,2017-06-24,28.88888888888889,21.66666666666667,25.277777777777782,1.29,0.0,0.0
541,24,2017-06-25,28.333333333333336,20.0,24.16666666666667,0.0,0.0,0.0
542,25,2017-06-26,26.11111111111111,17.777777777777782,21.94444444444445,0.0,0.0,0.0
543,26,2017-06-27,25.0,15.555555555555555,20.277777777777782,0.18,0.0,0.0
544,27,2017-06-28,25.555555555555557,16.11111111111111,20.833333333333336,0.0,0.0,0.0
545,28,2017-06-29,27.777777777777782,20.0,23.88888888888889,0.0,0.0,0.0
546,29,2017-06-30,31.11111111111111,22.777777777777782,26.94444444444445,1.0,0.0,0.0
547,0,2017-07-01,29.44444444444445,21.66666666666667,25.555555555555557,0.23,0.0,0.0
548,1,2017-07-02,30.555555555555557,22.222222222222218,26.38888888888889,0.0,0.0,0.0
549,2,2017-07-03,31.11111111111111,21.66666666666667,26.38888888888889,0.45,0.0,0.0
550,3,2017-07-04,29.44444444444445,21.11111111111111,25.277777777777782,0.0,0.0,0.0
551,4,2017-07-05,29.44444444444445,21.11111111111111,25.277777777777782,0.0,0.0,0.0
552,5,2017-07-06,25.0,21.66666666666667,23.333333333333336,1.0,0.0,0.0
553,6,2017-07-07,26.66666666666667,20.0,23.333333333333336,1.78,0.0,0.0
554,7,2017-07-08,28.88888888888889,20.555555555555557,24.72222222222223,0.0,0.0,0.0
555,8,2017-07-09,27.22222222222223,19.44444444444445,23.333333333333336,0.0,0.0,0.0
556,9,2017-07-10,28.88888888888889,20.0,24.44444444444445,0.0,0.0,0.0
557,10,2017-07-11,29.44444444444445,23.88888888888889,26.66666666666667,0.0,0.0,0.0
558,11,2017-07-12,31.11111111111111,25.0,28.055555555555557,0.0,0.0,0.0
559,12,2017-07-13,32.22222222222222,22.777777777777782,27.5,1.0,0.0,0.0
560,13,2017-07-14,22.777777777777782,18.333333333333336,20.555555555555557,0.35,0.0,0.0
561,14,2017-07-15,28.88888888888889,20.0,24.44444444444445,0.0,0.0,0.0
562,15,2017-07-16,30.555555555555557,20.0,25.277777777777782,0.0,0.0,0.0
563,16,2017-07-17,29.44444444444445,22.777777777777782,26.11111111111111,0.0,0.0,0.0
564,17,2017-07-18,31.11111111111111,22.777777777777782,26.94444444444445,0.0,0.0,0.0
565,18,2017-07-19,33.333333333333336,25.0,29.16666666666667,0.0,0.0,0.0
566,19,2017-07-20,34.44444444444444,25.0,29.72222222222223,0.01,0.0,0.0
567,20,2017-07-21,33.333333333333336,24.44444444444445,28.88888888888889,0.0,0.0,0.0
568,21,2017-07-22,33.333333333333336,21.66666666666667,27.5,0.57,0.0,0.0
569,22,2017-07-23,26.11111111111111,21.66666666666667,23.88888888888889,0.06,0.0,0.0
570,23,2017-07-24,22.777777777777782,17.22222222222222,20.0,0.74,0.0,0.0
571,24,2017-07-25,21.66666666666667,16.666666666666668,19.166666666666668,0.0,0.0,0.0
572,25,2017-07-26,25.0,18.333333333333336,21.66666666666667,0.0,0.0,0.0
573,26,2017-07-27,25.555555555555557,18.333333333333336,21.94444444444445,1.0,0.0,0.0
574,27,2017-07-28,29.44444444444445,21.66666666666667,25.555555555555557,0.0,0.0,0.0
575,28,2017-07-29,25.0,19.44444444444445,22.222222222222218,0.0,0.0,0.0
576,29,2017-07-30,27.777777777777782,17.777777777777782,22.777777777777782,0.0,0.0,0.0
577,30,2017-07-31,31.11111111111111,18.88888888888889,25.0,0.0,0.0,0.0
578,0,2017-08-01,33.333333333333336,21.66666666666667,27.5,0.0,0.0,0.0
579,1,2017-08-02,30.0,20.555555555555557,25.277777777777782,0.09,0.0,0.0
580,2,2017-08-03,30.555555555555557,20.0,25.277777777777782,0.0,0.0,0.0
581,3,2017-08-04,28.88888888888889,20.555555555555557,24.72222222222223,0.15,0.0,0.0
582,4,2017-08-05,25.555555555555557,20.555555555555557,23.055555555555557,0.3,0.0,0.0
583,5,2017-08-06,24.44444444444445,17.777777777777782,21.11111111111111,0.0,0.0,0.0
584,6,2017-08-07,21.66666666666667,17.777777777777782,19.722222222222218,0.76,0.0,0.0
585,7,2017-08-08,25.555555555555557,18.333333333333336,21.94444444444445,0.0,0.0,0.0
586,8,2017-08-09,29.44444444444445,17.777777777777782,23.61111111111111,0.0,0.0,0.0
587,9,2017-08-10,28.333333333333336,20.0,24.16666666666667,0.0,0.0,0.0
588,10,2017-08-11,27.777777777777782,20.555555555555557,24.16666666666667,1.0,0.0,0.0
589,11,2017-08-12,25.0,17.777777777777782,21.38888888888889,0.11,0.0,0.0
590,12,2017-08-13,28.333333333333336,21.66666666666667,25.0,0.0,0.0,0.0
591,13,2017-08-14,26.66666666666667,21.11111111111111,23.88888888888889,0.0,0.0,0.0
592,14,2017-08-15,23.333333333333336,20.0,21.66666666666667,0.45,0.0,0.0
593,15,2017-08-16,30.555555555555557,21.11111111111111,25.833333333333336,0.0,0.0,0.0
594,16,2017-08-17,28.333333333333336,20.555555555555557,24.44444444444445,0.0,0.0,0.0
595,17,2017-08-18,27.777777777777782,22.777777777777782,25.277777777777782,0.88,0.0,0.0
596,18,2017-08-19,30.0,22.777777777777782,26.38888888888889,0.0,0.0,0.0
597,19,2017-08-20,27.22222222222223,20.555555555555557,23.88888888888889,0.0,0.0,0.0
598,20,2017-08-21,30.555555555555557,21.66666666666667,26.11111111111111,0.0,0.0,0.0
599,21,2017-08-22,31.66666666666667,22.222222222222218,26.94444444444445,0.3,0.0,0.0
600,22,2017-08-23,27.22222222222223,21.11111111111111,24.16666666666667,1.0,0.0,0.0
601,23,2017-08-24,26.66666666666667,18.333333333333336,22.5,0.0,0.0,0.0
602,24,2017-08-25,25.555555555555557,17.22222222222222,21.38888888888889,0.0,0.0,0.0
603,25,2017-08-26,25.555555555555557,16.666666666666668,21.11111111111111,0.0,0.0,0.0
604,26,2017-08-27,25.555555555555557,17.22222222222222,21.38888888888889,0.0,0.0,0.0
605,27,2017-08-28,24.44444444444445,17.22222222222222,20.833333333333336,0.0,0.0,0.0
606,28,2017-08-29,20.0,16.11111111111111,18.055555555555557,0.29,0.0,0.0
607,29,2017-08-30,25.555555555555557,15.555555555555555,20.555555555555557,0.01,0.0,0.0
608,30,2017-08-31,27.22222222222223,17.777777777777782,22.5,0.0,0.0,0.0
609,0,2017-09-01,21.66666666666667,12.777777777777779,17.22222222222222,0.0,0.0,0.0
610,1,2017-09-02,20.0,12.222222222222225,16.11111111111111,0.53,0.0,0.0
611,2,2017-09-03,20.555555555555557,15.0,17.777777777777782,0.74,0.0,0.0
612,3,2017-09-04,26.66666666666667,16.11111111111111,21.38888888888889,0.0,0.0,0.0
613,4,2017-09-05,29.44444444444445,20.555555555555557,25.0,1.0,0.0,0.0
614,5,2017-09-06,22.222222222222218,16.11111111111111,19.166666666666668,0.42,0.0,0.0
615,6,2017-09-07,21.66666666666667,15.0,18.333333333333336,0.01,0.0,0.0
616,7,2017-09-08,21.66666666666667,14.444444444444445,18.055555555555557,0.0,0.0,0.0
617,8,2017-09-09,21.11111111111111,12.777777777777779,16.944444444444443,0.0,0.0,0.0
618,9,2017-09-10,22.222222222222218,13.888888888888891,18.055555555555557,0.0,0.0,0.0
619,10,2017-09-11,24.44444444444445,12.777777777777779,18.61111111111111,0.0,0.0,0.0
620,11,2017-09-12,25.555555555555557,15.0,20.277777777777782,0.0,0.0,0.0
621,12,2017-09-13,28.333333333333336,17.777777777777782,23.055555555555557,0.06,0.0,0.0
622,13,2017-09-14,27.22222222222223,21.11111111111111,24.16666666666667,0.02,0.0,0.0
623,14,2017-09-15,27.22222222222223,19.44444444444445,23.333333333333336,0.0,0.0,0.0
624,15,2017-09-16,27.777777777777782,21.11111111111111,24.44444444444445,0.0,0.0,0.0
625,16,2017-09-17,27.22222222222223,20.0,23.61111111111111,0.0,0.0,0.0
626,17,2017-09-18,22.777777777777782,20.0,21.38888888888889,0.0,0.0,0.0
627,18,2017-09-19,25.555555555555557,20.555555555555557,23.055555555555557,0.22,0.0,0.0
628,19,2017-09-20,26.11111111111111,21.66666666666667,23.88888888888889,0.0,0.0,0.0
629,20,2017-09-21,26.66666666666667,21.66666666666667,24.16666666666667,0.0,0.0,0.0
630,21,2017-09-22,27.777777777777782,18.88888888888889,23.333333333333336,0.0,0.0,0.0
631,22,2017-09-23,30.555555555555557,20.0,25.277777777777782,0.0,0.0,0.0
632,23,2017-09-24,32.77777777777778,20.555555555555557,26.66666666666667,0.0,0.0,0.0
633,24,2017-09-25,31.11111111111111,21.11111111111111,26.11111111111111,0.0,0.0,0.0
634,25,2017-09-26,28.88888888888889,20.0,24.44444444444445,0.0,0.0,0.0
635,26,2017-09-27,30.555555555555557,20.555555555555557,25.555555555555557,0.0,0.0,0.0
636,27,2017-09-28,26.11111111111111,15.0,20.555555555555557,0.0,0.0,0.0
637,28,2017-09-29,20.0,12.777777777777779,16.38888888888889,0.0,0.0,0.0
638,29,2017-09-30,18.88888888888889,12.222222222222225,15.555555555555555,0.0,0.0,0.0
639,0,2017-10-01,20.0,10.0,15.0,0.0,0.0,0.0
640,1,2017-10-02,22.777777777777782,11.111111111111109,16.944444444444443,0.0,0.0,0.0
641,2,2017-10-03,21.66666666666667,13.888888888888891,17.777777777777782,0.0,0.0,0.0
642,3,2017-10-04,23.88888888888889,13.333333333333336,18.61111111111111,0.0,0.0,0.0
643,4,2017-10-05,28.333333333333336,18.333333333333336,23.333333333333336,1.0,0.0,0.0
644,5,2017-10-06,27.777777777777782,20.0,23.88888888888889,0.0,0.0,0.0
645,6,2017-10-07,27.22222222222223,18.88888888888889,23.055555555555557,0.0,0.0,0.0
646,7,2017-10-08,25.0,22.222222222222218,23.61111111111111,0.22,0.0,0.0
647,8,2017-10-09,25.0,21.66666666666667,23.333333333333336,0.26,0.0,0.0
648,9,2017-10-10,27.22222222222223,18.88888888888889,23.055555555555557,0.0,0.0,0.0
649,10,2017-10-11,25.0,15.555555555555555,20.277777777777782,0.06,0.0,0.0
650,11,2017-10-12,17.777777777777782,12.777777777777779,15.277777777777779,0.07,0.0,0.0
651,12,2017-10-13,19.44444444444445,11.111111111111109,15.277777777777779,0.0,0.0,0.0
652,13,2017-10-14,22.222222222222218,16.11111111111111,19.166666666666668,0.08,0.0,0.0
653,14,2017-10-15,23.333333333333336,18.333333333333336,20.833333333333336,0.0,0.0,0.0
654,15,2017-10-16,20.555555555555557,7.777777777777778,14.166666666666668,0.01,0.0,0.0
655,16,2017-10-17,14.444444444444445,5.5555555555555545,10.0,0.0,0.0,0.0
656,17,2017-10-18,22.222222222222218,10.0,16.11111111111111,0.0,0.0,0.0
657,18,2017-10-19,21.66666666666667,13.333333333333336,17.5,0.0,0.0,0.0
658,19,2017-10-20,22.777777777777782,13.888888888888891,18.333333333333336,0.0,0.0,0.0
659,20,2017-10-21,25.555555555555557,13.333333333333336,19.44444444444445,0.0,0.0,0.0
660,21,2017-10-22,24.44444444444445,13.888888888888891,19.166666666666668,0.0,0.0,0.0
661,22,2017-10-23,23.333333333333336,16.11111111111111,19.722222222222218,0.0,0.0,0.0
662,23,2017-10-24,23.333333333333336,19.44444444444445,21.38888888888889,0.2,0.0,0.0
663,24,2017-10-25,19.44444444444445,13.888888888888891,16.666666666666668,0.0,0.0,0.0
664,25,2017-10-26,14.444444444444445,10.0,12.222222222222225,0.0,0.0,0.0
665,26,2017-10-27,16.666666666666668,8.333333333333334,12.5,0.0,0.0,0.0
666,27,2017-10-28,20.555555555555557,12.777777777777779,16.666666666666668,0.0,0.0,0.0
667,28,2017-10-29,19.44444444444445,15.555555555555555,17.5,3.03,0.0,0.0
668,29,2017-10-30,16.11111111111111,7.777777777777778,11.944444444444445,0.25,0.0,0.0
669,30,2017-10-31,13.888888888888891,7.222222222222222,10.555555555555557,0.0,0.0,0.0
670,0,2017-11-01,15.0,6.1111111111111125,10.555555555555557,0.0,0.0,0.0
671,1,2017-11-02,22.222222222222218,14.444444444444445,18.333333333333336,0.0,0.0,0.0
672,2,2017-11-03,23.333333333333336,10.555555555555557,16.944444444444443,0.0,0.0,0.0
673,3,2017-11-04,13.333333333333336,7.777777777777778,10.555555555555557,0.0,0.0,0.0
674,4,2017-11-05,16.11111111111111,10.555555555555557,13.333333333333336,0.02,0.0,0.0
675,5,2017-11-06,18.88888888888889,7.777777777777778,13.333333333333336,0.01,0.0,0.0
676,6,2017-11-07,9.444444444444443,4.4444444444444455,6.9444444444444455,0.7,0.0,0.0
677,7,2017-11-08,9.444444444444443,3.888888888888889,6.666666666666668,0.0,0.0,0.0
678,8,2017-11-09,12.777777777777779,3.888888888888889,8.333333333333334,1.0,0.0,0.0
679,9,2017-11-10,10.555555555555557,-3.888888888888889,3.333333333333333,0.01,0.0,0.0
680,10,2017-11-11,3.333333333333333,-4.4444444444444455,-0.5555555555555556,0.0,0.0,0.0
681,11,2017-11-12,7.777777777777778,0.0,3.888888888888889,0.0,0.0,0.0
682,12,2017-11-13,8.333333333333334,3.888888888888889,6.1111111111111125,0.07,0.0,0.0
683,13,2017-11-14,8.888888888888891,1.6666666666666667,5.277777777777779,0.0,0.0,0.0
684,14,2017-11-15,10.555555555555557,2.7777777777777777,6.666666666666668,0.0,0.0,0.0
685,15,2017-11-16,13.888888888888891,6.1111111111111125,10.0,0.2,0.0,0.0
686,16,2017-11-17,8.333333333333334,2.7777777777777777,5.5555555555555545,0.0,0.0,0.0
687,17,2017-11-18,13.333333333333336,1.1111111111111112,7.222222222222222,0.1,0.0,0.0
688,18,2017-11-19,15.0,3.333333333333333,9.166666666666668,0.23,0.0,0.0
689,19,2017-11-20,8.333333333333334,2.2222222222222223,5.277777777777779,1.0,1.0,0.0
690,20,2017-11-21,14.444444444444445,5.5555555555555545,10.0,0.0,0.0,0.0
691,21,2017-11-22,13.333333333333336,1.6666666666666667,7.5,0.21,0.0,0.0
692,22,2017-11-23,6.1111111111111125,-0.5555555555555556,2.7777777777777777,0.0,0.0,0.0
693,23,2017-11-24,10.0,1.6666666666666667,5.833333333333334,0.0,0.0,0.0
694,24,2017-11-25,13.888888888888891,6.1111111111111125,10.0,0.0,0.0,0.0
695,25,2017-11-26,10.555555555555557,4.4444444444444455,7.5,0.0,0.0,0.0
696,26,2017-11-27,10.555555555555557,3.888888888888889,7.222222222222222,0.0,0.0,0.0
697,27,2017-11-28,12.222222222222225,2.2222222222222223,7.222222222222222,0.0,0.0,0.0
698,28,2017-11-29,17.22222222222222,5.5555555555555545,11.388888888888891,0.0,0.0,0.0
699,29,2017-11-30,11.666666666666668,3.333333333333333,7.5,0.03,0.0,0.0
700,0,2017-12-01,11.111111111111109,5.5555555555555545,8.333333333333334,0.0,0.0,0.0
701,1,2017-12-02,8.888888888888891,3.888888888888889,6.388888888888888,0.0,0.0,0.0
702,2,2017-12-03,8.888888888888891,5.5555555555555545,7.222222222222222,0.0,0.0,0.0
703,3,2017-12-04,10.555555555555557,4.4444444444444455,7.5,0.0,0.0,0.0
704,4,2017-12-05,16.11111111111111,10.0,13.055555555555555,0.75,0.0,0.0
705,5,2017-12-06,15.0,4.4444444444444455,9.722222222222225,0.0,0.0,0.0
706,6,2017-12-07,6.666666666666668,2.7777777777777777,4.722222222222221,0.0,0.0,0.0
707,7,2017-12-08,3.888888888888889,1.1111111111111112,2.5,0.0,0.0,0.0
708,8,2017-12-09,1.6666666666666667,-1.1111111111111112,0.2777777777777778,0.46,4.6,0.0
709,9,2017-12-10,3.888888888888889,-1.6666666666666667,1.1111111111111112,0.0,0.0,4.0
710,10,2017-12-11,5.0,0.5555555555555556,2.7777777777777777,0.0,0.0,2.0
711,11,2017-12-12,10.0,-1.6666666666666667,4.166666666666667,1.0,1.0,1.0
712,12,2017-12-13,-0.5555555555555556,-6.666666666666668,-3.611111111111111,0.0,1.0,0.0
713,13,2017-12-14,0.0,-5.5555555555555545,-2.7777777777777777,0.09,1.2,1.0
714,14,2017-12-15,-2.2222222222222223,-6.666666666666668,-4.4444444444444455,0.11,1.2,1.0
715,15,2017-12-16,3.888888888888889,-5.0,-0.5555555555555556,0.0,0.0,2.0
716,16,2017-12-17,3.333333333333333,0.0,1.6666666666666667,0.0,0.0,1.0
717,17,2017-12-18,8.333333333333334,1.1111111111111112,4.722222222222221,0.02,0.0,1.0
718,18,2017-12-19,12.777777777777779,7.222222222222222,10.0,0.0,0.0,0.0
719,19,2017-12-20,10.555555555555557,1.1111111111111112,5.833333333333334,0.0,0.0,0.0
720,20,2017-12-21,3.888888888888889,0.0,1.9444444444444449,0.0,0.0,0.0
721,21,2017-12-22,10.0,1.6666666666666667,5.833333333333334,0.0,0.0,0.0
722,22,2017-12-23,8.888888888888891,3.333333333333333,6.1111111111111125,0.49,0.0,0.0
723,23,2017-12-24,5.0,2.2222222222222223,3.611111111111111,0.01,1.0,0.0
724,24,2017-12-25,3.333333333333333,-2.2222222222222223,0.5555555555555556,0.23,1.0,0.0
725,25,2017-12-26,-2.2222222222222223,-5.0,-3.611111111111111,0.0,0.0,0.0
726,26,2017-12-27,-4.4444444444444455,-8.333333333333334,-6.388888888888888,0.0,0.0,0.0
727,27,2017-12-28,-7.777777777777778,-11.666666666666668,-9.722222222222225,0.0,0.0,0.0
728,28,2017-12-29,-5.5555555555555545,-11.666666666666668,-8.61111111111111,0.0,0.0,0.0
729,29,2017-12-30,-5.0,-8.333333333333334,-6.666666666666668,0.05,0.7,0.0
730,30,2017-12-31,-6.1111111111111125,-12.777777777777779,-9.444444444444443,0.0,0.0,1.0
